{
  "test_child": {
    "preferred_activities": {
      "storytelling": [
        0.8
      ]
    },
    "favorite_topics": {
      "حيوانات": [
        0.8
      ]
    },
    "engagement_times": {
      "morning": [
        0.8
      ]
    },
    "difficulty_preferences": {}
  },
  "personalization_test_child": {
    "preferred_activities": {
      "storytelling": [
        0.9
      ],
      "games": [
        0.7
      ]
    },
    "favorite_topics": {
      "حيوانات": [
        0.9
      ],
      "ألغاز": [
        0.7
      ]
    },
    "engagement_times": {
      "morning": [
        0.9,
        0.7
      ]
    },
    "difficulty_preferences": {}
  },
  "demo_child": {
    "preferred_activities": {
      "storytelling": [
        0.9
      ]
    },
    "favorite_topics": {
      "حيوانات": [
        0.9
      ]
    },
    "engagement_times": {
      "morning": [
        0.9
      ]
    },
    "difficulty_preferences": {}
  },
  "ahmed_5_years": {
    "preferred_activities": {
      "text_chat": [
        0.7,
        0.7
      ],
      "voice_chat": [
        0.8,
        0.8,
        0.8
      ]
    },
    "favorite_topics": {
      "text_interaction": [
        0.7,
        0.7
      ],
      "general_chat": [
        0.8,
        0.8,
        0.8
      ]
    },
    "engagement_times": {
      "morning": [
        0.7,
        0.8,
        0.8,
        0.8,
        0.7
      ]
    },
    "difficulty_preferences": {}
  }
}